ip,timestamp,requests_per_second,size,status,is_dos_attack
192.168.1.6,2024-10-03 05:17:20,6.470725689699261,505,500,1
192.168.1.12,2024-10-01 22:15:57,1.2877450653134295,3259,403,0
192.168.1.8,2024-10-03 18:28:27,5.481768105849483,4223,403,1
192.168.1.6,2024-10-02 07:25:05,2.76065755081426,1806,200,0
192.168.1.13,2024-10-02 07:46:26,4.296553218778628,3487,403,0
192.168.1.18,2024-10-03 10:33:21,0.7231172779490891,4274,200,0
192.168.1.12,2024-10-01 14:42:53,3.6811777764293465,3899,500,0
192.168.1.15,2024-10-02 10:11:37,5.1710560396272784,696,200,1
192.168.1.16,2024-10-01 16:21:53,1.632210478294541,4608,403,0
192.168.1.8,2024-10-01 14:12:28,4.786375571436073,3089,404,0
192.168.1.10,2024-10-04 23:27:22,5.497995528334516,1589,403,1
192.168.1.13,2024-10-03 18:29:13,9.207854559371677,4084,404,1
192.168.1.20,2024-10-03 18:54:19,7.239737491618883,2643,500,1
192.168.1.19,2024-10-03 06:17:11,0.8844580513562483,1126,403,0
192.168.1.13,2024-10-03 20:39:01,7.873942719909158,3742,500,1
192.168.1.19,2024-10-02 03:41:56,4.999121464064897,2680,404,0
192.168.1.8,2024-10-01 23:00:24,8.417493136320886,3652,404,1
192.168.1.12,2024-10-02 09:39:08,0.545500677320149,2474,403,0
192.168.1.15,2024-10-02 22:51:50,7.442771692841288,727,404,1
192.168.1.6,2024-10-02 23:29:57,1.2780938692754769,4471,404,0
192.168.1.20,2024-10-01 02:52:41,7.4979770623758455,2830,403,1
192.168.1.6,2024-10-02 16:26:04,4.958997517992607,1450,404,0
192.168.1.11,2024-10-02 13:53:47,8.137016673267798,3554,403,1
192.168.1.3,2024-10-03 04:13:40,1.9404426853516341,1572,404,0
192.168.1.3,2024-10-02 06:35:23,2.057560620756639,4575,200,0
192.168.1.10,2024-10-04 03:35:31,3.2067916242209042,1577,403,0
192.168.1.19,2024-10-01 14:27:56,5.803144805879065,2153,403,1
192.168.1.7,2024-10-02 15:57:23,8.257296993383664,2909,200,1
192.168.1.5,2024-10-02 20:31:05,7.137472488352002,4615,200,1
192.168.1.19,2024-10-01 23:24:18,2.016369922371247,1349,403,0
192.168.1.19,2024-10-01 13:40:30,2.4419990107930323,4249,200,0
192.168.1.19,2024-10-02 13:43:57,9.546686125350899,670,403,1
192.168.1.2,2024-10-01 20:03:23,0.9099305841200672,508,403,0
192.168.1.19,2024-10-04 05:32:12,7.291819414747064,3076,500,1
192.168.1.5,2024-10-03 03:19:26,2.8908780078289564,4503,500,0
192.168.1.3,2024-10-01 01:30:30,9.141400856319496,563,404,1
192.168.1.1,2024-10-04 10:09:33,9.234094361164429,3940,500,1
192.168.1.11,2024-10-02 22:07:39,3.418435885325864,2957,500,0
192.168.1.10,2024-10-01 05:45:50,2.8543282234332485,3729,403,0
192.168.1.17,2024-10-04 05:19:54,3.023079193692349,4053,500,0
192.168.1.19,2024-10-04 02:15:51,6.41346783114346,4983,403,1
192.168.1.14,2024-10-02 16:59:25,2.505559380527448,1854,200,0
192.168.1.12,2024-10-01 04:18:06,6.61113208804931,2108,403,1
192.168.1.13,2024-10-04 03:19:06,7.175304645395175,2202,200,1
192.168.1.15,2024-10-02 10:49:51,7.282337967993032,4119,200,1
192.168.1.15,2024-10-02 16:07:14,1.3351744297706534,4057,500,0
192.168.1.12,2024-10-03 19:13:49,8.097471962008893,1968,403,1
192.168.1.12,2024-10-02 03:50:57,4.094863822627106,2892,500,0
192.168.1.7,2024-10-03 23:46:37,6.611128141964795,791,500,1
192.168.1.17,2024-10-03 06:48:21,1.9733690693718633,3422,404,0
192.168.1.17,2024-10-01 21:09:18,6.100039396492135,3144,403,1
192.168.1.16,2024-10-03 19:29:31,1.0824259113490837,786,200,0
192.168.1.5,2024-10-03 20:18:13,3.364551006034163,2907,403,0
192.168.1.8,2024-10-02 09:57:24,6.700980325215891,4641,403,1
192.168.1.2,2024-10-02 10:22:26,1.579501457187934,4563,200,0
192.168.1.3,2024-10-01 15:26:21,6.4988953437091945,4209,403,1
192.168.1.15,2024-10-01 17:38:43,1.0115784773885572,4656,403,0
192.168.1.7,2024-10-01 12:19:23,2.0798365644690042,850,403,0
192.168.1.2,2024-10-02 21:46:57,4.424407609093012,1915,404,0
192.168.1.2,2024-10-04 23:33:33,9.695029910301548,3460,404,1
192.168.1.4,2024-10-02 20:37:02,0.9988160475453517,1325,403,0
192.168.1.7,2024-10-03 23:42:36,5.185001724066708,2870,500,1
192.168.1.15,2024-10-03 10:15:43,0.8375168315837638,860,500,0
192.168.1.15,2024-10-04 17:58:40,0.8783017326847087,630,403,0
192.168.1.10,2024-10-02 20:59:11,2.185704460332983,2741,200,0
192.168.1.4,2024-10-04 12:06:21,3.964151466546075,2657,500,0
192.168.1.19,2024-10-01 19:31:44,8.501694434666257,1469,200,1
192.168.1.1,2024-10-04 01:35:07,8.034074506951324,4671,403,1
192.168.1.15,2024-10-02 16:30:05,1.2837756458131961,4408,403,0
192.168.1.9,2024-10-01 06:14:36,7.185194315803462,1381,404,1
192.168.1.1,2024-10-04 21:05:58,8.678446343546169,1710,200,1
192.168.1.13,2024-10-01 03:42:51,6.479596688618521,3797,500,1
192.168.1.16,2024-10-03 16:13:42,1.185249543731126,962,403,0
192.168.1.19,2024-10-01 20:46:07,8.468692220840952,2870,403,1
192.168.1.1,2024-10-03 15:46:45,8.162839167088425,4240,403,1
192.168.1.16,2024-10-01 10:42:40,6.101775168165943,4292,500,1
192.168.1.13,2024-10-03 12:05:51,8.697242193662891,3258,500,1
192.168.1.9,2024-10-01 12:56:25,7.531521861090187,4689,500,1
192.168.1.10,2024-10-02 01:56:58,4.460761165251734,1390,500,0
192.168.1.10,2024-10-02 16:02:34,7.374602575920673,1302,404,1
192.168.1.5,2024-10-03 20:44:00,3.4067540269385526,649,500,0
192.168.1.5,2024-10-03 09:05:23,6.922766151702372,3488,500,1
192.168.1.18,2024-10-01 02:01:56,2.394652701223665,948,403,0
192.168.1.4,2024-10-03 11:46:04,8.728141524344998,2757,404,1
192.168.1.8,2024-10-04 07:02:46,6.388643312055063,1341,403,1
192.168.1.3,2024-10-01 10:45:01,5.205206267177591,1928,404,1
192.168.1.18,2024-10-04 22:25:09,9.392708228849997,3583,404,1
192.168.1.19,2024-10-01 23:18:30,6.030927516359091,2894,404,1
192.168.1.15,2024-10-01 12:26:03,1.344362790189432,2034,200,0
192.168.1.6,2024-10-04 23:53:29,5.394464623254731,4149,200,1
192.168.1.14,2024-10-01 12:50:59,6.6384986138601585,4386,200,1
192.168.1.19,2024-10-01 23:37:32,1.0687211092500828,3503,200,0
192.168.1.12,2024-10-01 03:44:25,8.171710472546472,2281,500,1
192.168.1.16,2024-10-03 21:32:02,6.306017272016708,4811,200,1
192.168.1.1,2024-10-02 05:04:25,7.220432638691179,3220,500,1
192.168.1.1,2024-10-02 13:35:42,3.6010441068294496,3314,403,0
192.168.1.18,2024-10-03 18:51:00,5.522902064395439,1556,200,1
192.168.1.20,2024-10-03 10:08:06,7.155441033719658,2745,200,1
192.168.1.16,2024-10-04 23:00:15,6.013233288796355,984,403,1
192.168.1.9,2024-10-03 21:31:23,4.236973972812619,4155,403,0
192.168.1.19,2024-10-04 20:14:14,4.4735210230854445,3637,200,0
192.168.1.13,2024-10-02 01:30:27,1.7599707110336376,996,500,0
192.168.1.18,2024-10-02 04:56:24,4.049259662799653,3706,404,0
192.168.1.8,2024-10-03 05:52:30,8.27419333012268,820,403,1
192.168.1.5,2024-10-01 12:19:22,5.928238578584937,3894,404,1
192.168.1.10,2024-10-01 23:53:11,2.1341894735000038,2264,500,0
192.168.1.6,2024-10-03 23:38:50,3.5060549864001738,4400,404,0
192.168.1.1,2024-10-03 04:46:07,8.788399360146201,3930,500,1
192.168.1.10,2024-10-03 06:57:22,7.413027617279922,1973,404,1
192.168.1.15,2024-10-04 06:06:23,3.3769265765095953,3378,403,0
192.168.1.14,2024-10-04 18:59:56,6.6091652687933715,1336,500,1
192.168.1.3,2024-10-02 23:39:30,4.93620744298366,4105,404,0
192.168.1.10,2024-10-03 15:26:32,3.3580321534923647,3192,404,0
192.168.1.5,2024-10-01 11:34:15,6.376184697485304,4812,403,1
192.168.1.14,2024-10-04 18:17:41,0.9482648238954084,3229,200,0
192.168.1.13,2024-10-04 07:46:27,4.416754014931706,2171,403,0
192.168.1.10,2024-10-04 12:46:54,1.2222175744018773,3928,200,0
192.168.1.10,2024-10-04 10:41:26,9.252435127931367,2270,500,1
192.168.1.20,2024-10-01 20:50:53,6.1722658000666675,1681,500,1
192.168.1.6,2024-10-02 05:23:09,9.883824427974492,834,500,1
192.168.1.16,2024-10-04 00:37:13,8.570942416968027,2940,500,1
192.168.1.5,2024-10-04 12:59:49,5.085313662849451,3567,403,1
192.168.1.15,2024-10-03 00:01:00,8.5089317811894,1162,403,1
192.168.1.14,2024-10-03 14:57:06,0.9019426541275499,1220,500,0
192.168.1.20,2024-10-04 12:32:02,9.396938759951029,4137,500,1
192.168.1.5,2024-10-02 15:54:17,1.2095138487992156,1410,404,0
192.168.1.11,2024-10-04 08:43:31,6.360050379076828,903,404,1
192.168.1.9,2024-10-02 00:39:00,5.246643197182342,592,404,1
192.168.1.9,2024-10-01 14:14:58,1.7572739279570366,2700,404,0
192.168.1.3,2024-10-01 12:38:41,0.9485127836105802,3453,200,0
192.168.1.4,2024-10-03 12:24:22,1.398384151389132,3483,404,0
192.168.1.14,2024-10-01 02:22:31,8.3303269096379,1446,200,1
192.168.1.9,2024-10-02 20:29:04,7.610876433543293,868,403,1
192.168.1.20,2024-10-03 03:26:02,3.895025471190422,3475,200,0
192.168.1.19,2024-10-01 19:43:35,7.878510409930708,1582,500,1
192.168.1.9,2024-10-02 13:29:55,5.045846567828827,1817,404,1
192.168.1.6,2024-10-03 21:26:07,7.361378003697454,2149,500,1
192.168.1.4,2024-10-03 00:18:55,3.046100138827312,509,500,0
192.168.1.7,2024-10-04 12:24:25,6.552118938063405,2075,403,1
192.168.1.18,2024-10-01 19:21:59,2.130217447068169,1453,200,0
192.168.1.19,2024-10-02 22:20:21,8.087856152160313,4760,200,1
192.168.1.11,2024-10-03 00:05:58,8.390456689568907,1993,200,1
192.168.1.19,2024-10-01 18:01:51,5.797467429331903,507,403,1
192.168.1.17,2024-10-02 22:23:16,5.349993392279483,4507,200,1
192.168.1.5,2024-10-03 06:18:37,2.25907401621434,3741,403,0
192.168.1.13,2024-10-02 01:59:20,5.612465495180023,4762,200,1
192.168.1.20,2024-10-01 22:41:03,3.1836955079687375,4727,403,0
192.168.1.10,2024-10-02 08:53:32,6.0377579993823565,784,200,1
192.168.1.20,2024-10-01 17:18:38,0.6770052725558858,629,500,0
192.168.1.2,2024-10-01 22:38:54,7.483739515311008,4305,404,1
192.168.1.7,2024-10-03 04:56:44,2.8170637025676006,4523,404,0
192.168.1.19,2024-10-03 23:22:45,5.236254614483519,776,500,1
192.168.1.5,2024-10-04 09:04:09,8.736589324192112,2926,500,1
192.168.1.16,2024-10-02 18:09:07,9.063927590517329,936,403,1
192.168.1.19,2024-10-02 04:02:57,2.958812682067569,2160,200,0
192.168.1.7,2024-10-02 07:13:06,5.390751381395924,3017,500,1
192.168.1.16,2024-10-03 16:29:38,5.956781624994558,1573,404,1
192.168.1.4,2024-10-03 07:28:31,4.440795154439983,4245,500,0
192.168.1.8,2024-10-03 11:22:03,4.219782985496941,2679,403,0
192.168.1.9,2024-10-03 13:59:34,3.0848359825841007,4491,404,0
192.168.1.7,2024-10-03 12:49:54,1.1589817487914604,4738,200,0
192.168.1.4,2024-10-03 20:29:14,2.7080394631785394,3354,404,0
192.168.1.7,2024-10-04 03:40:02,1.5741222535675337,1219,500,0
192.168.1.1,2024-10-04 20:23:27,5.8169262518658496,1398,404,1
192.168.1.14,2024-10-03 17:12:06,2.5658900476925277,1938,403,0
192.168.1.17,2024-10-02 20:57:19,4.176677010430563,3668,500,0
192.168.1.20,2024-10-03 04:15:49,0.6711091161298914,2560,403,0
192.168.1.6,2024-10-04 18:39:08,8.411472160176876,2650,500,1
192.168.1.9,2024-10-02 02:32:19,4.0182695047156445,2331,404,0
192.168.1.6,2024-10-04 20:41:07,6.599684245518438,2622,403,1
192.168.1.11,2024-10-04 11:55:14,3.3137958441507065,2125,404,0
192.168.1.1,2024-10-04 01:14:52,3.47319570993203,2133,404,0
192.168.1.6,2024-10-03 05:24:30,3.0966772686754425,544,200,0
192.168.1.18,2024-10-04 17:08:04,6.714002020344235,2591,200,1
192.168.1.19,2024-10-03 03:50:50,6.704957470036296,2137,403,1
192.168.1.14,2024-10-03 20:39:19,5.779609407624786,966,404,1
192.168.1.6,2024-10-04 08:17:12,0.5509612136001508,4493,200,0
192.168.1.16,2024-10-04 09:07:08,2.779182547645445,3835,404,0
192.168.1.20,2024-10-04 09:55:40,6.75167207263026,4381,500,1
192.168.1.8,2024-10-02 19:58:02,6.398292917355148,993,404,1
192.168.1.5,2024-10-01 21:13:26,2.1258757653988876,4567,200,0
192.168.1.5,2024-10-02 00:27:16,3.206204622368894,2311,200,0
192.168.1.1,2024-10-04 19:34:47,7.6255072204065035,4938,403,1
192.168.1.8,2024-10-01 19:05:34,3.3525248360425914,515,404,0
192.168.1.15,2024-10-03 09:14:23,9.287450130659447,3557,404,1
192.168.1.12,2024-10-04 14:15:08,4.340734412740228,1427,200,0
192.168.1.13,2024-10-04 04:18:27,0.8682098267423262,2462,200,0
192.168.1.20,2024-10-03 04:01:55,9.220649581292827,2205,200,1
192.168.1.10,2024-10-01 03:33:25,8.031536561859445,2347,200,1
192.168.1.8,2024-10-02 16:53:24,3.9188002285114574,2413,200,0
192.168.1.19,2024-10-03 11:03:35,1.3100706190783915,2024,404,0
192.168.1.1,2024-10-04 06:43:33,7.055223556367394,1696,500,1
192.168.1.20,2024-10-04 05:13:07,5.941595911253437,4932,403,1
192.168.1.12,2024-10-01 00:32:58,3.9042567309593763,2478,200,0
192.168.1.18,2024-10-04 12:51:14,3.351697920204513,536,404,0
192.168.1.14,2024-10-01 02:05:45,2.329956791955673,2641,403,0
192.168.1.5,2024-10-03 15:17:25,0.8744723743851507,1633,200,0
192.168.1.10,2024-10-01 16:56:12,3.895539343186543,1378,404,0
192.168.1.15,2024-10-01 23:17:42,3.1695678608070277,510,404,0
192.168.1.4,2024-10-04 00:24:02,7.275529242187069,2408,500,1
192.168.1.15,2024-10-04 23:56:19,3.62879831155824,4117,403,0
192.168.1.1,2024-10-04 14:15:45,2.0504243365279438,921,500,0
192.168.1.10,2024-10-02 05:31:02,2.0654516460907675,896,403,0
192.168.1.1,2024-10-01 10:34:08,3.5440345460113116,2796,403,0
192.168.1.14,2024-10-04 14:15:55,7.421284045109834,4990,200,1
192.168.1.16,2024-10-04 14:15:43,7.467335484052672,4886,403,1
192.168.1.9,2024-10-01 01:00:25,2.5346128891148547,3895,403,0
192.168.1.9,2024-10-03 05:32:46,4.184444293914536,938,404,0
192.168.1.6,2024-10-04 13:21:40,2.7113032066734193,4581,404,0
192.168.1.19,2024-10-01 07:58:18,5.503551716304968,4220,500,1
192.168.1.18,2024-10-01 21:09:29,1.5939725911303988,2614,200,0
192.168.1.3,2024-10-03 19:12:17,8.534004623842486,3100,500,1
192.168.1.18,2024-10-02 12:49:20,7.0886411922545225,3048,403,1
192.168.1.9,2024-10-03 13:23:03,9.302990143427996,2362,404,1
192.168.1.4,2024-10-04 04:22:36,8.390081149587878,1145,200,1
192.168.1.3,2024-10-01 01:02:11,8.863794821625463,3029,403,1
192.168.1.9,2024-10-03 11:33:02,1.107287018144303,3486,200,0
192.168.1.8,2024-10-02 21:01:29,0.5865330796756378,597,500,0
192.168.1.4,2024-10-01 06:27:47,5.279201057093475,1881,404,1
192.168.1.13,2024-10-04 23:45:33,9.052805357943635,4897,200,1
192.168.1.8,2024-10-01 08:39:22,5.642760400493182,4172,200,1
192.168.1.9,2024-10-01 02:05:00,7.331296968239428,3661,200,1
192.168.1.18,2024-10-01 22:23:17,5.705226633405189,1968,403,1
192.168.1.9,2024-10-04 21:50:21,5.120505763511794,808,200,1
192.168.1.20,2024-10-02 03:00:21,5.931149124183615,2548,200,1
192.168.1.9,2024-10-03 00:46:14,4.720795508598466,3606,200,0
192.168.1.13,2024-10-03 05:39:12,0.5395512717048498,3519,500,0
192.168.1.15,2024-10-04 02:40:46,6.867823718367408,1900,404,1
192.168.1.15,2024-10-04 20:01:32,1.7526246178532978,4910,403,0
192.168.1.11,2024-10-01 10:37:12,9.988286576634051,2615,500,1
192.168.1.20,2024-10-02 02:10:00,2.0354787546233326,777,404,0
192.168.1.14,2024-10-02 16:13:49,2.172420299462135,2815,404,0
192.168.1.12,2024-10-02 13:18:57,5.229136465330259,2718,404,1
192.168.1.16,2024-10-02 15:25:01,2.659897997550312,1475,404,0
192.168.1.19,2024-10-04 11:23:36,1.0810837539972118,2485,404,0
192.168.1.9,2024-10-02 05:03:24,0.5414278234663225,3592,403,0
192.168.1.14,2024-10-01 03:17:32,6.76306774386395,2658,200,1
192.168.1.1,2024-10-04 17:44:11,7.943808114895289,3534,200,1
192.168.1.10,2024-10-03 02:51:32,3.850157758483662,3559,500,0
192.168.1.3,2024-10-02 20:45:19,7.929215778252166,1183,200,1
192.168.1.6,2024-10-02 16:44:36,1.6710876583126453,1252,403,0
192.168.1.20,2024-10-04 04:28:39,7.799163435795464,2162,200,1
192.168.1.3,2024-10-04 13:42:46,1.4853916762160424,621,404,0
192.168.1.5,2024-10-02 22:42:27,5.579828482623594,4359,403,1
192.168.1.10,2024-10-03 06:20:12,7.257825653679051,2234,200,1
192.168.1.17,2024-10-01 02:53:15,5.403750444714397,549,403,1
192.168.1.14,2024-10-01 03:21:53,3.6362722650016472,3660,200,0
192.168.1.6,2024-10-02 06:20:40,9.482795809350423,2179,403,1
192.168.1.7,2024-10-01 19:56:39,5.154828412287664,905,403,1
192.168.1.6,2024-10-01 23:11:49,6.1740561181026266,966,404,1
192.168.1.11,2024-10-01 19:41:27,8.055893787792318,1430,403,1
192.168.1.15,2024-10-03 21:22:46,2.9258440460388497,2855,403,0
192.168.1.1,2024-10-02 20:24:57,8.643690239223025,4089,200,1
192.168.1.12,2024-10-03 20:13:46,4.334661857594175,1826,404,0
192.168.1.19,2024-10-04 12:56:45,8.068421972041921,4650,200,1
192.168.1.10,2024-10-04 21:03:11,2.7608194313086796,2508,404,0
192.168.1.12,2024-10-03 05:29:01,6.875891237441106,813,403,1
192.168.1.2,2024-10-04 03:15:48,5.983592821085473,1047,403,1
192.168.1.7,2024-10-02 06:26:25,3.1978720665343903,892,403,0
192.168.1.20,2024-10-03 18:59:13,7.493079526203018,1930,404,1
192.168.1.2,2024-10-01 19:29:31,8.21058241224825,4577,500,1
192.168.1.12,2024-10-01 14:52:52,9.488119266052413,3355,500,1
192.168.1.19,2024-10-01 06:50:50,1.3807290486394073,3272,200,0
192.168.1.1,2024-10-01 14:21:08,9.863543153401004,4135,404,1
192.168.1.1,2024-10-04 01:29:36,5.803402178750001,3597,500,1
192.168.1.2,2024-10-01 13:31:00,1.0972338646402888,3649,200,0
192.168.1.15,2024-10-01 23:30:01,5.121115330988565,681,404,1
192.168.1.8,2024-10-03 14:18:44,7.352311431518157,4549,404,1
192.168.1.8,2024-10-04 15:04:31,2.637645255142135,4908,200,0
192.168.1.11,2024-10-03 01:54:11,9.509792477011224,2179,200,1
192.168.1.10,2024-10-01 18:52:16,9.931788393021694,681,200,1
192.168.1.16,2024-10-04 15:59:13,3.990977986058304,606,404,0
192.168.1.15,2024-10-02 16:42:00,7.972038375714052,2752,403,1
192.168.1.16,2024-10-01 09:13:13,1.2387244847216605,3481,500,0
192.168.1.5,2024-10-04 16:07:01,2.8448166615297064,2097,200,0
192.168.1.15,2024-10-02 19:01:08,7.316019715307554,3818,500,1
192.168.1.10,2024-10-01 07:53:53,7.769803768092606,3725,403,1
192.168.1.9,2024-10-01 07:09:32,5.797960219551013,2142,403,1
192.168.1.16,2024-10-04 07:03:56,5.1311381810213845,2762,404,1
192.168.1.14,2024-10-02 21:48:48,7.5568990946474575,2808,200,1
192.168.1.11,2024-10-04 11:47:59,8.599944592140671,4490,500,1
192.168.1.7,2024-10-04 05:02:48,8.579098437497477,2837,200,1
192.168.1.14,2024-10-04 04:00:25,6.483047068110973,2269,500,1
192.168.1.14,2024-10-03 08:06:07,3.187743271005355,4753,500,0
192.168.1.7,2024-10-04 14:02:15,1.4852991504424808,2184,404,0
192.168.1.15,2024-10-01 15:36:42,8.712156880563963,2031,403,1
192.168.1.2,2024-10-04 01:44:46,7.774003038028259,4827,500,1
192.168.1.15,2024-10-03 12:07:39,7.927728985203718,4936,404,1
192.168.1.4,2024-10-04 00:49:05,9.022037646398804,3073,403,1
192.168.1.4,2024-10-01 15:47:05,2.8586657189744953,4939,200,0
192.168.1.8,2024-10-01 22:12:46,1.5809663645992793,2479,500,0
192.168.1.10,2024-10-03 05:54:38,4.59602226696422,3847,403,0
192.168.1.8,2024-10-04 20:50:24,8.068409328813214,3370,403,1
192.168.1.17,2024-10-01 06:28:46,6.724345255516218,3969,403,1
192.168.1.13,2024-10-01 13:58:11,1.6645262330081598,1235,404,0
192.168.1.19,2024-10-02 20:57:00,3.2584821605939855,1464,403,0
192.168.1.20,2024-10-01 23:35:27,7.134223162784919,894,200,1
192.168.1.19,2024-10-04 09:49:49,2.2303294665862925,3797,403,0
192.168.1.6,2024-10-02 06:07:42,2.404791279124498,2403,403,0
192.168.1.6,2024-10-04 07:46:20,3.390207508582608,2568,500,0
192.168.1.12,2024-10-04 00:03:06,5.862195948007628,2187,404,1
192.168.1.17,2024-10-02 22:24:00,7.358206970161919,2175,403,1
192.168.1.4,2024-10-04 17:05:41,2.389189459304826,1217,200,0
192.168.1.12,2024-10-04 23:34:48,7.182928814132994,4253,200,1
192.168.1.12,2024-10-04 10:56:39,2.6704632396213737,3422,500,0
192.168.1.19,2024-10-03 13:25:30,1.6601917986657586,4680,403,0
192.168.1.12,2024-10-04 13:43:51,1.1451694658577578,4511,500,0
192.168.1.5,2024-10-03 01:42:34,4.234823440178238,4810,500,0
192.168.1.14,2024-10-02 00:05:58,9.248892956088916,4045,404,1
192.168.1.19,2024-10-01 19:24:38,4.1790076418247635,1045,200,0
192.168.1.4,2024-10-01 16:00:33,8.74663829070614,2472,500,1
192.168.1.9,2024-10-01 04:01:21,5.389655836827892,530,403,1
192.168.1.10,2024-10-01 11:31:01,5.229373932916901,4067,404,1
192.168.1.9,2024-10-02 09:57:05,6.299231952531576,1488,200,1
192.168.1.6,2024-10-01 06:36:08,4.343649428242369,2052,403,0
192.168.1.13,2024-10-04 21:01:20,8.492917183257912,1181,403,1
192.168.1.1,2024-10-02 22:58:42,0.6245745227030802,1791,403,0
192.168.1.9,2024-10-02 22:20:20,4.601617326192867,1452,403,0
192.168.1.13,2024-10-02 18:59:13,8.839992886093457,2697,404,1
192.168.1.16,2024-10-02 10:15:06,3.511303111221593,577,500,0
192.168.1.3,2024-10-04 06:25:28,0.5187019079113214,504,500,0
192.168.1.2,2024-10-01 21:31:43,6.762167152546629,4713,404,1
192.168.1.4,2024-10-02 13:32:53,1.0813639255516094,953,500,0
192.168.1.8,2024-10-04 08:26:21,5.4085097196586265,4632,404,1
192.168.1.12,2024-10-04 03:09:19,8.348615079232658,2737,403,1
192.168.1.3,2024-10-02 14:48:45,6.549957234146973,3631,200,1
192.168.1.9,2024-10-03 05:51:31,2.0328834831922333,3565,404,0
192.168.1.1,2024-10-04 19:47:01,3.0578654898977184,2465,500,0
192.168.1.1,2024-10-02 08:57:48,8.654690506759101,3646,404,1
192.168.1.11,2024-10-01 15:24:18,5.44836107257357,4764,403,1
192.168.1.7,2024-10-03 10:15:37,5.6153635944208995,1641,404,1
192.168.1.16,2024-10-02 01:07:45,0.9428822088321617,1626,404,0
192.168.1.9,2024-10-02 11:53:02,8.92521335390408,1192,200,1
192.168.1.13,2024-10-02 19:35:14,9.572975802219474,3500,404,1
192.168.1.19,2024-10-04 02:30:58,4.859958745533223,1852,404,0
192.168.1.7,2024-10-03 18:09:15,9.506526285222128,1525,404,1
192.168.1.11,2024-10-04 03:34:47,5.456439685360683,1387,500,1
192.168.1.1,2024-10-02 05:58:06,8.183527087932978,2392,403,1
192.168.1.18,2024-10-01 20:27:52,7.768830631636853,2730,200,1
192.168.1.15,2024-10-02 20:51:51,4.755047547616054,3479,200,0
192.168.1.6,2024-10-04 20:05:42,1.777131604070856,1208,404,0
192.168.1.9,2024-10-04 12:54:34,1.3148944958025204,4331,403,0
192.168.1.15,2024-10-04 07:08:00,4.555113620135511,2925,404,0
192.168.1.5,2024-10-02 06:45:15,3.172256401769279,2040,404,0
192.168.1.15,2024-10-03 07:59:36,6.185345933034595,1741,500,1
192.168.1.4,2024-10-03 17:26:04,8.114610548372092,1889,404,1
192.168.1.17,2024-10-01 00:41:51,4.441327467383573,1443,200,0
192.168.1.9,2024-10-03 10:02:45,2.4068631640162774,2928,403,0
192.168.1.7,2024-10-03 16:23:18,6.7957195154354855,4651,200,1
192.168.1.5,2024-10-02 03:21:05,5.82342907706065,4624,200,1
192.168.1.6,2024-10-04 08:30:21,7.603695104218587,4935,200,1
192.168.1.19,2024-10-03 02:38:33,4.886927468695,1043,500,0
192.168.1.9,2024-10-01 07:47:52,2.6853907504677075,722,404,0
192.168.1.8,2024-10-01 13:18:35,5.3237476895600775,2897,404,1
192.168.1.8,2024-10-02 17:18:10,5.364750563590824,2328,404,1
192.168.1.12,2024-10-01 03:51:06,3.708454078701336,2452,403,0
192.168.1.2,2024-10-02 04:06:43,4.070847027371675,3226,404,0
192.168.1.1,2024-10-04 12:13:02,9.167098170567737,762,403,1
192.168.1.8,2024-10-02 18:32:10,9.97247904077488,964,404,1
192.168.1.11,2024-10-04 13:59:34,7.686260261092633,1291,403,1
192.168.1.18,2024-10-01 12:58:37,3.4040448496382805,3683,404,0
192.168.1.15,2024-10-02 03:34:28,7.212559596567209,3185,200,1
192.168.1.4,2024-10-01 05:19:50,7.709102196932441,2371,500,1
192.168.1.3,2024-10-03 11:20:55,2.044157867327095,2616,200,0
192.168.1.14,2024-10-01 20:23:30,1.3443573133473519,3579,404,0
192.168.1.1,2024-10-04 03:38:58,3.469441491043111,3024,403,0
192.168.1.2,2024-10-02 15:49:13,8.560550150946085,783,403,1
192.168.1.10,2024-10-04 13:11:38,8.438861323051656,2146,500,1
192.168.1.19,2024-10-03 12:26:00,2.2970391842408002,3387,403,0
192.168.1.10,2024-10-04 03:43:44,5.561422787072222,2590,500,1
192.168.1.7,2024-10-02 06:24:49,6.221273372299575,719,404,1
192.168.1.7,2024-10-02 05:12:57,2.2241355124744873,2005,200,0
192.168.1.17,2024-10-03 04:34:47,1.8214374809614262,2690,500,0
192.168.1.3,2024-10-03 09:10:05,2.955998523855754,3331,500,0
192.168.1.18,2024-10-03 09:20:59,8.274602634090968,3537,500,1
192.168.1.3,2024-10-01 14:33:37,3.886126458106615,3456,500,0
192.168.1.6,2024-10-02 10:17:19,2.4781561921255566,1158,403,0
192.168.1.2,2024-10-01 06:24:59,5.510438999162215,4534,404,1
192.168.1.6,2024-10-03 21:11:44,9.526238644923412,3734,200,1
192.168.1.4,2024-10-01 18:22:08,3.99791491867682,4658,403,0
192.168.1.16,2024-10-01 17:38:18,4.641093719329499,1888,200,0
192.168.1.9,2024-10-02 19:00:15,1.5554427547448646,3034,200,0
192.168.1.13,2024-10-04 01:10:42,1.3595263165691769,2990,500,0
192.168.1.12,2024-10-04 22:12:18,3.8813071439534568,667,200,0
192.168.1.6,2024-10-01 14:05:08,9.122175263192737,1615,403,1
192.168.1.3,2024-10-03 14:04:37,3.350269026275103,1656,200,0
192.168.1.17,2024-10-01 04:04:55,2.4219950831131443,3748,500,0
192.168.1.15,2024-10-01 06:35:34,7.33463209533494,775,404,1
192.168.1.11,2024-10-04 00:17:24,1.454541399397931,570,404,0
192.168.1.4,2024-10-03 10:55:20,4.752670572415355,3535,403,0
192.168.1.13,2024-10-02 03:31:55,2.861985053996092,2818,200,0
192.168.1.3,2024-10-02 01:43:29,2.171543516747892,2301,500,0
192.168.1.5,2024-10-04 19:30:40,6.191607512604019,713,404,1
192.168.1.10,2024-10-02 14:17:02,1.8125905354106464,2392,404,0
192.168.1.17,2024-10-04 04:51:47,8.483071953112013,1660,200,1
192.168.1.12,2024-10-04 22:43:13,4.986498267798138,3350,404,0
192.168.1.17,2024-10-02 23:48:43,7.919670259920189,2218,403,1
192.168.1.5,2024-10-01 18:10:15,0.8593849022627367,1429,403,0
192.168.1.19,2024-10-01 01:14:27,3.869556617823692,570,200,0
192.168.1.15,2024-10-01 00:05:01,7.5799121840927715,888,200,1
192.168.1.10,2024-10-03 22:03:33,2.963182116494766,2174,500,0
192.168.1.12,2024-10-03 05:14:28,6.733352810676371,4817,500,1
192.168.1.19,2024-10-04 03:52:36,4.527900370118823,1386,403,0
192.168.1.13,2024-10-01 12:49:45,3.624008986133463,1190,200,0
192.168.1.1,2024-10-01 03:05:50,5.127351664003578,650,500,1
192.168.1.11,2024-10-03 20:29:39,4.43582133846437,1064,200,0
192.168.1.11,2024-10-01 14:14:51,9.756675923297411,4083,500,1
192.168.1.5,2024-10-02 04:37:03,0.9235553146651696,2952,500,0
192.168.1.3,2024-10-03 02:40:37,7.549956805767156,3265,200,1
192.168.1.4,2024-10-01 19:59:08,7.712351768806026,2043,500,1
192.168.1.15,2024-10-01 00:47:15,6.824891402616108,1261,403,1
192.168.1.17,2024-10-04 16:48:52,9.172492159788424,1451,404,1
192.168.1.19,2024-10-04 21:08:36,7.527871469929993,2230,403,1
192.168.1.14,2024-10-01 12:33:48,5.183681214175522,3915,403,1
192.168.1.7,2024-10-03 10:09:48,3.0872049312949863,4500,404,0
192.168.1.8,2024-10-02 09:23:54,3.608121759973026,2380,500,0
192.168.1.12,2024-10-02 19:48:05,6.126925746460589,1505,500,1
192.168.1.16,2024-10-04 16:24:33,2.5322150803861097,964,200,0
192.168.1.7,2024-10-01 21:58:30,7.174608974665005,3173,404,1
192.168.1.4,2024-10-04 08:15:41,6.9369847365657895,1172,404,1
192.168.1.4,2024-10-04 23:11:29,0.5221832307088745,2035,500,0
192.168.1.7,2024-10-02 04:52:12,4.0407718828472055,1918,404,0
192.168.1.11,2024-10-03 17:15:21,7.700912145721224,3912,200,1
192.168.1.3,2024-10-04 05:02:03,6.573818327737827,853,200,1
192.168.1.11,2024-10-03 07:15:56,0.5634882987044546,4857,200,0
192.168.1.16,2024-10-02 22:51:15,1.0383910445050568,3144,500,0
192.168.1.17,2024-10-02 13:08:36,9.69165877992136,1780,200,1
192.168.1.5,2024-10-04 18:58:59,1.7884262372653383,3898,500,0
192.168.1.19,2024-10-02 11:14:47,7.118084721410222,4306,404,1
192.168.1.4,2024-10-01 00:33:19,2.8665466277057354,3733,200,0
192.168.1.16,2024-10-01 18:11:54,8.676329539634501,2532,200,1
192.168.1.20,2024-10-04 19:51:34,9.146486228943726,4175,404,1
192.168.1.11,2024-10-01 05:15:48,8.758799677442784,3206,200,1
192.168.1.9,2024-10-02 20:41:21,5.345514552150715,3679,404,1
192.168.1.6,2024-10-01 14:59:00,7.697423383444223,2430,403,1
192.168.1.16,2024-10-04 13:40:17,9.515313959415888,4285,403,1
192.168.1.20,2024-10-02 04:12:58,4.926376811675836,1795,500,0
192.168.1.16,2024-10-04 16:20:48,6.046285622461986,2866,404,1
192.168.1.13,2024-10-02 01:20:07,9.446739005170674,3146,403,1
192.168.1.20,2024-10-01 05:16:30,4.072555166502985,782,404,0
192.168.1.20,2024-10-01 19:41:40,1.239025091562738,1408,200,0
192.168.1.12,2024-10-04 08:37:48,6.285862776149314,802,200,1
192.168.1.10,2024-10-01 03:33:47,6.278657515383847,3521,404,1
192.168.1.10,2024-10-02 13:18:03,6.877986908124691,3693,404,1
192.168.1.11,2024-10-01 10:00:07,8.284314152835679,665,500,1
192.168.1.5,2024-10-02 03:15:38,9.713124671910327,3940,500,1
192.168.1.13,2024-10-01 01:27:16,9.758248212023881,4121,200,1
192.168.1.9,2024-10-04 15:45:32,9.328209584976017,4819,404,1
192.168.1.7,2024-10-04 14:11:31,6.442872549476682,4773,200,1
192.168.1.3,2024-10-01 10:47:58,0.8111749586065884,3982,500,0
192.168.1.3,2024-10-04 11:38:54,4.349574641322623,1792,403,0
192.168.1.13,2024-10-02 14:41:35,2.7659694116468962,3450,200,0
192.168.1.1,2024-10-02 07:04:22,3.2486210074144783,2780,500,0
192.168.1.18,2024-10-01 14:47:27,2.061534177028604,2493,404,0
192.168.1.7,2024-10-03 02:26:21,9.411686428881668,4383,500,1
192.168.1.19,2024-10-04 16:44:25,3.5454975487854967,3795,403,0
192.168.1.11,2024-10-04 07:49:24,8.091862725445417,3134,200,1
192.168.1.12,2024-10-02 09:43:25,5.173488774314216,3177,404,1
192.168.1.17,2024-10-03 16:51:47,2.2621833896679084,3913,403,0
192.168.1.20,2024-10-01 05:54:02,7.635324965614619,2634,200,1
192.168.1.6,2024-10-03 04:56:48,3.98437676725089,3264,200,0
192.168.1.7,2024-10-01 17:15:38,7.818467794592724,3771,403,1
192.168.1.16,2024-10-03 22:48:23,6.011834082739397,2835,200,1
192.168.1.1,2024-10-03 20:14:29,0.8060912111272349,4871,404,0
192.168.1.1,2024-10-04 17:43:24,8.525912252312459,3712,403,1
192.168.1.11,2024-10-02 14:25:59,2.1955092146523283,4693,500,0
192.168.1.3,2024-10-01 08:15:32,6.253323393005049,1071,200,1
192.168.1.12,2024-10-04 14:08:57,3.496754214065226,2128,403,0
192.168.1.5,2024-10-04 09:46:47,2.199781331863572,2460,403,0
192.168.1.2,2024-10-01 19:23:22,2.7808942244412838,4444,403,0
192.168.1.12,2024-10-02 06:18:39,2.3834569523614304,3274,500,0
192.168.1.16,2024-10-04 16:40:05,3.591021405660539,4554,404,0
192.168.1.15,2024-10-01 07:10:45,8.334337046993088,1927,404,1
192.168.1.11,2024-10-03 14:49:31,9.499536753012434,771,403,1
192.168.1.9,2024-10-03 03:54:51,4.271370483558794,3611,200,0
192.168.1.19,2024-10-02 20:48:50,1.2971899916804064,4968,500,0
192.168.1.5,2024-10-02 18:59:02,2.783944958856618,3758,200,0
192.168.1.1,2024-10-02 15:55:52,5.943694036298306,4700,403,1
192.168.1.14,2024-10-01 20:52:11,6.940410561150149,2808,404,1
192.168.1.13,2024-10-01 04:31:21,5.217130907751336,1887,200,1
192.168.1.8,2024-10-02 01:18:48,9.193001058173394,964,200,1
192.168.1.1,2024-10-02 09:51:59,5.867287291587304,3467,200,1
192.168.1.9,2024-10-04 05:35:54,4.3940181092099255,4820,200,0
192.168.1.18,2024-10-04 09:56:20,3.6806016943760604,2573,404,0
192.168.1.7,2024-10-03 12:32:39,5.647306294380611,751,500,1
192.168.1.8,2024-10-01 02:57:13,6.120381866480093,1066,200,1
192.168.1.14,2024-10-04 08:53:24,1.8917711406118345,2364,403,0
192.168.1.13,2024-10-02 02:31:28,8.373623784539983,551,404,1
192.168.1.16,2024-10-01 00:56:28,3.652141657718594,3259,500,0
192.168.1.8,2024-10-03 14:18:19,6.491580823890955,2843,200,1
192.168.1.8,2024-10-03 17:28:45,6.378042121033475,2062,200,1
192.168.1.17,2024-10-03 10:46:47,9.121073051503712,4483,200,1
192.168.1.16,2024-10-01 00:56:28,1.2889848614606614,4968,403,0
192.168.1.8,2024-10-04 20:58:25,2.1098850995278156,3351,200,0
192.168.1.20,2024-10-02 01:12:41,5.981962360809756,4613,500,1
192.168.1.7,2024-10-03 01:23:08,1.4901890849880648,2467,403,0
192.168.1.1,2024-10-04 17:29:29,2.9045019497185502,1276,200,0
192.168.1.8,2024-10-03 06:42:25,7.335644103179421,4033,404,1
192.168.1.5,2024-10-04 04:52:06,4.3463798587400175,734,404,0
192.168.1.1,2024-10-04 23:46:10,2.952464569643334,3108,403,0
192.168.1.14,2024-10-01 07:45:16,3.411499899386317,1335,403,0
192.168.1.20,2024-10-03 21:20:59,6.896859736361032,506,403,1
192.168.1.1,2024-10-02 05:12:13,9.079093103276104,3951,500,1
192.168.1.15,2024-10-03 07:00:00,0.7229923908798883,2369,403,0
192.168.1.16,2024-10-04 16:15:03,6.686622746848534,1301,500,1
192.168.1.15,2024-10-03 22:25:15,1.5013240659013618,2972,500,0
192.168.1.12,2024-10-01 03:48:30,6.159294823846964,3129,200,1
192.168.1.17,2024-10-03 11:23:21,3.1907767658314476,894,500,0
192.168.1.8,2024-10-03 04:20:17,1.1199228861890034,3243,403,0
192.168.1.17,2024-10-03 10:54:29,2.848291551276664,4056,403,0
192.168.1.15,2024-10-01 09:04:36,3.238633739563649,3713,500,0
192.168.1.4,2024-10-03 01:12:12,6.769774865650002,2525,500,1
192.168.1.20,2024-10-04 20:32:38,4.043745769699374,3018,404,0
192.168.1.10,2024-10-02 11:16:16,0.8586493777427322,3490,403,0
192.168.1.14,2024-10-02 19:25:35,5.974314512872339,1729,500,1
192.168.1.11,2024-10-02 16:03:22,2.561226444676604,4147,500,0
192.168.1.14,2024-10-02 10:20:07,2.2062038153949297,3993,200,0
192.168.1.20,2024-10-02 17:36:54,4.203987623603714,866,403,0
192.168.1.4,2024-10-04 04:10:59,7.580441410632147,3075,500,1
192.168.1.7,2024-10-01 21:39:41,0.6951242672178789,866,403,0
192.168.1.17,2024-10-01 01:13:08,3.529336374246954,2206,404,0
192.168.1.20,2024-10-04 06:31:05,6.611571333104769,3733,200,1
192.168.1.7,2024-10-04 01:08:40,2.5517601628386197,4298,500,0
192.168.1.10,2024-10-02 12:18:35,4.492452984828797,3824,500,0
192.168.1.9,2024-10-04 06:21:29,4.548923193173921,852,403,0
192.168.1.9,2024-10-03 23:23:37,5.3641559234428735,1377,500,1
192.168.1.10,2024-10-03 13:55:18,0.9956197197343151,1445,500,0
192.168.1.13,2024-10-03 23:25:27,0.5779418697058571,2575,200,0
192.168.1.16,2024-10-04 10:37:36,9.709388534668372,2085,500,1
192.168.1.4,2024-10-01 14:22:45,8.412849190025845,3688,404,1
192.168.1.17,2024-10-02 13:11:37,0.633526095503142,1963,500,0
192.168.1.16,2024-10-02 17:37:19,8.653597845655318,2907,403,1
192.168.1.17,2024-10-03 22:51:29,7.710439904839405,4630,404,1
192.168.1.15,2024-10-01 18:18:41,9.130127230150862,4149,403,1
192.168.1.18,2024-10-04 03:40:29,6.652744882636754,686,500,1
192.168.1.6,2024-10-01 07:06:58,0.7384215387948333,627,200,0
192.168.1.10,2024-10-03 05:00:55,3.1855016935941802,3970,200,0
192.168.1.18,2024-10-04 11:40:07,0.5227900825564498,3278,404,0
192.168.1.19,2024-10-03 14:55:28,8.854394120959133,3505,404,1
192.168.1.19,2024-10-04 21:06:40,4.5156644232035665,4031,200,0
192.168.1.7,2024-10-04 12:04:08,3.7245800186978393,4551,404,0
192.168.1.17,2024-10-03 16:29:25,8.06279170424884,3103,200,1
192.168.1.7,2024-10-01 05:55:17,5.162032946550017,2244,500,1
192.168.1.12,2024-10-04 16:37:03,8.203511437887805,510,200,1
192.168.1.13,2024-10-04 06:20:20,7.160242925933084,2759,404,1
192.168.1.11,2024-10-04 21:57:54,8.128032467646634,1351,200,1
192.168.1.8,2024-10-01 21:48:10,4.253829959287825,2920,403,0
192.168.1.19,2024-10-03 08:44:05,4.144118793526102,1788,500,0
192.168.1.3,2024-10-03 11:32:45,4.1615220934635975,942,500,0
192.168.1.10,2024-10-04 19:27:23,5.90003454492071,4103,500,1
192.168.1.12,2024-10-02 13:13:29,0.5312054267343822,1264,404,0
192.168.1.17,2024-10-02 18:04:06,7.511561870214948,4133,403,1
192.168.1.14,2024-10-03 15:54:55,4.039854367983729,3488,404,0
192.168.1.17,2024-10-02 22:33:09,0.7480094766087555,4959,403,0
192.168.1.1,2024-10-01 08:05:26,4.376207571392673,4167,200,0
192.168.1.20,2024-10-03 09:35:05,3.709590206109658,3243,403,0
192.168.1.2,2024-10-02 10:18:44,5.954200113326315,1926,403,1
192.168.1.6,2024-10-01 11:30:17,3.973038490594443,851,404,0
192.168.1.7,2024-10-04 13:40:20,6.282810807512302,1983,404,1
192.168.1.2,2024-10-01 15:45:31,4.911373862138962,4234,200,0
192.168.1.13,2024-10-01 13:28:05,9.706456887945532,3146,404,1
192.168.1.12,2024-10-01 09:34:47,3.0465605735471857,4722,403,0
192.168.1.8,2024-10-02 17:43:55,4.639548848829419,1212,403,0
192.168.1.8,2024-10-04 12:12:47,3.419573883625316,4602,500,0
192.168.1.15,2024-10-04 06:12:30,5.939551915835519,3285,500,1
192.168.1.5,2024-10-03 01:59:03,4.443546224607518,823,500,0
192.168.1.12,2024-10-01 00:51:08,6.6833075235326485,2599,500,1
192.168.1.13,2024-10-01 02:59:30,9.885012039157752,1042,403,1
192.168.1.13,2024-10-01 11:45:40,8.579428929008563,3894,403,1
192.168.1.17,2024-10-04 01:31:55,9.080078349305136,1056,200,1
192.168.1.7,2024-10-01 13:13:30,1.884017677423949,4088,404,0
192.168.1.14,2024-10-03 12:13:38,1.1001979911636517,3223,200,0
192.168.1.16,2024-10-01 23:14:05,5.142560013599876,1340,403,1
192.168.1.20,2024-10-02 04:21:01,6.711443025864306,2478,403,1
192.168.1.12,2024-10-04 14:14:04,7.45002143207177,4150,403,1
192.168.1.3,2024-10-03 21:42:31,0.9053105260925117,2951,403,0
192.168.1.4,2024-10-04 17:16:51,4.745238989229496,4442,200,0
192.168.1.6,2024-10-03 03:39:52,6.27444231740275,2967,500,1
192.168.1.8,2024-10-02 22:39:30,4.624403845310484,2309,404,0
192.168.1.20,2024-10-01 05:25:12,2.865904179855197,3844,200,0
192.168.1.15,2024-10-02 07:45:47,6.491893643338754,4761,500,1
192.168.1.10,2024-10-02 18:48:28,4.278816325216052,2509,404,0
192.168.1.18,2024-10-03 07:29:56,9.81071410270629,3032,500,1
192.168.1.4,2024-10-04 00:32:35,4.066813109604862,4020,403,0
192.168.1.20,2024-10-01 10:16:44,9.865680019707566,4954,403,1
192.168.1.10,2024-10-01 17:03:15,4.250783603428697,543,200,0
192.168.1.16,2024-10-03 11:17:00,9.264320890716533,2693,403,1
192.168.1.3,2024-10-02 17:28:29,6.829748313488249,4839,200,1
192.168.1.15,2024-10-02 04:48:24,7.519577079564203,1428,500,1
192.168.1.3,2024-10-02 11:24:36,0.9004488378470704,4303,403,0
192.168.1.2,2024-10-02 12:12:56,3.0334404870007337,1149,404,0
192.168.1.12,2024-10-04 04:00:09,1.1780069664407473,690,403,0
192.168.1.19,2024-10-03 21:42:44,6.122898376696886,3361,404,1
192.168.1.6,2024-10-02 07:53:44,1.8144706262422154,1203,404,0
192.168.1.20,2024-10-01 11:42:08,5.1656748144292255,997,404,1
192.168.1.16,2024-10-01 20:11:16,3.838305011971573,4427,404,0
192.168.1.3,2024-10-01 04:14:29,7.138457360200904,612,200,1
192.168.1.1,2024-10-01 16:10:49,5.7834995202141934,3686,200,1
192.168.1.18,2024-10-01 12:57:07,5.570658892093761,3693,200,1
192.168.1.7,2024-10-04 07:08:09,9.98569512441524,3800,403,1
192.168.1.1,2024-10-01 13:59:36,4.792338741802542,4097,200,0
192.168.1.19,2024-10-03 21:31:49,9.973680954281596,1753,403,1
192.168.1.6,2024-10-03 12:59:20,5.440351406455057,1016,403,1
192.168.1.5,2024-10-02 03:09:42,6.752537042414883,2359,200,1
192.168.1.17,2024-10-01 16:48:25,7.766970338749269,1328,500,1
192.168.1.20,2024-10-03 09:57:18,5.6566072542507015,2851,200,1
192.168.1.6,2024-10-04 16:25:50,5.258685465066218,3731,403,1
192.168.1.11,2024-10-03 09:54:08,9.659631328998081,2710,404,1
192.168.1.7,2024-10-03 11:31:31,2.4424633637035655,3551,200,0
192.168.1.15,2024-10-02 21:17:39,1.470616375761994,3869,500,0
192.168.1.17,2024-10-02 02:37:04,1.1892144071971078,2050,404,0
192.168.1.5,2024-10-04 11:04:06,2.5072588023092464,4142,200,0
192.168.1.13,2024-10-03 23:54:54,6.115800909044717,4269,500,1
192.168.1.3,2024-10-01 07:03:27,7.921987861235977,4416,404,1
192.168.1.7,2024-10-04 08:20:23,3.9063468288565066,1649,403,0
192.168.1.18,2024-10-01 21:09:42,8.092833305313356,4171,404,1
192.168.1.17,2024-10-04 22:34:47,7.071089535362506,1898,500,1
192.168.1.18,2024-10-04 01:54:55,0.8866170835083407,2473,404,0
192.168.1.12,2024-10-03 17:50:12,8.639916162180054,1261,403,1
192.168.1.9,2024-10-02 01:13:03,4.043430729975651,3341,404,0
192.168.1.10,2024-10-02 03:51:56,4.064878889203452,2977,404,0
192.168.1.1,2024-10-02 07:01:58,2.460569589392173,1846,404,0
192.168.1.3,2024-10-02 07:08:45,4.72762147382439,3629,404,0
192.168.1.18,2024-10-04 13:35:59,7.667762518467568,3280,403,1
192.168.1.19,2024-10-04 03:07:05,1.6881078922667305,3622,403,0
192.168.1.20,2024-10-03 05:10:45,1.7708499307084196,4869,500,0
192.168.1.3,2024-10-03 13:06:43,8.99127293765305,3598,403,1
192.168.1.9,2024-10-02 20:06:02,1.7346860648671714,3155,403,0
192.168.1.8,2024-10-02 16:46:45,5.511971877807912,2481,200,1
192.168.1.14,2024-10-03 06:02:52,2.4598963912628458,3060,403,0
192.168.1.4,2024-10-04 22:41:54,9.533782208496147,4654,404,1
192.168.1.7,2024-10-03 19:48:11,9.793502553092576,1184,403,1
192.168.1.18,2024-10-03 11:12:50,7.718514314439014,2132,200,1
192.168.1.14,2024-10-01 04:42:09,8.957161589325803,4405,500,1
192.168.1.4,2024-10-04 04:08:39,4.067584097473937,1022,200,0
192.168.1.8,2024-10-03 17:20:08,8.171341696288597,3005,404,1
192.168.1.9,2024-10-01 19:28:39,0.6517998764306776,822,500,0
192.168.1.17,2024-10-04 15:57:02,5.357643555954511,3278,500,1
192.168.1.17,2024-10-02 08:07:38,3.9187640146779374,3602,200,0
192.168.1.17,2024-10-03 14:02:49,2.723053687048317,2587,404,0
192.168.1.1,2024-10-01 20:09:08,6.14922034754679,2842,200,1
192.168.1.7,2024-10-01 23:11:25,4.980914268367062,760,404,0
192.168.1.19,2024-10-03 03:58:36,5.108258338241889,4361,403,1
192.168.1.17,2024-10-01 18:56:39,1.716068045775669,1459,200,0
192.168.1.2,2024-10-04 23:19:55,2.7934961434522254,1620,500,0
192.168.1.16,2024-10-04 21:46:07,3.742687562761162,2292,500,0
192.168.1.1,2024-10-04 23:26:28,3.1202519566752414,1098,403,0
192.168.1.15,2024-10-03 14:29:24,9.920030205972637,2364,500,1
192.168.1.10,2024-10-01 15:35:24,2.527795758269123,3758,404,0
192.168.1.14,2024-10-03 06:43:17,0.5630122919340665,2312,403,0
192.168.1.20,2024-10-03 07:30:01,7.3742563965694785,1045,404,1
192.168.1.18,2024-10-01 01:02:30,4.448922871381317,2454,500,0
192.168.1.12,2024-10-02 20:10:04,8.343403866329325,1000,500,1
192.168.1.3,2024-10-04 13:00:39,8.567173488355682,854,500,1
192.168.1.2,2024-10-01 21:21:11,2.4144386175016637,1692,200,0
192.168.1.20,2024-10-02 17:27:56,2.6431930761077584,2724,404,0
192.168.1.15,2024-10-01 16:51:32,9.952063356149448,2787,200,1
192.168.1.16,2024-10-01 12:44:49,3.7166723231677485,752,200,0
192.168.1.13,2024-10-02 03:41:48,0.9704015096602059,953,404,0
192.168.1.19,2024-10-04 07:03:29,1.174834866534138,3387,404,0
192.168.1.4,2024-10-04 06:59:41,3.147728202383237,3207,404,0
192.168.1.7,2024-10-01 01:21:00,1.8851156297113978,4532,404,0
192.168.1.11,2024-10-01 17:37:29,5.425394731008606,4419,200,1
192.168.1.16,2024-10-04 16:26:23,8.645531993111117,1493,404,1
192.168.1.4,2024-10-01 19:39:47,3.6010009481162926,1505,200,0
192.168.1.11,2024-10-03 23:45:04,9.884968490028228,883,500,1
192.168.1.3,2024-10-01 05:39:01,9.029461284680444,3793,500,1
192.168.1.4,2024-10-01 00:17:28,6.948883085658611,1278,403,1
192.168.1.9,2024-10-02 03:01:08,5.774845414639035,2916,200,1
192.168.1.15,2024-10-03 08:20:50,8.699750145730086,4768,500,1
192.168.1.1,2024-10-04 00:03:17,0.9549251214779969,835,403,0
192.168.1.5,2024-10-03 11:30:25,2.2541292134169275,3190,200,0
192.168.1.13,2024-10-02 01:12:56,7.327681495157026,4772,500,1
192.168.1.19,2024-10-03 01:50:05,8.501895811105522,2072,500,1
192.168.1.4,2024-10-04 00:30:37,9.925678002122975,2265,200,1
192.168.1.9,2024-10-04 04:39:38,7.041447381123735,4683,200,1
192.168.1.12,2024-10-04 04:21:12,0.9773177764007777,1746,200,0
192.168.1.14,2024-10-03 17:33:56,0.7361675164083819,4720,403,0
192.168.1.9,2024-10-01 03:28:05,6.859282019282356,2634,404,1
192.168.1.17,2024-10-04 22:11:04,8.87528571663574,3298,500,1
192.168.1.1,2024-10-01 20:44:11,4.309946710677897,1955,500,0
192.168.1.7,2024-10-03 19:47:33,8.055733333992581,804,403,1
192.168.1.6,2024-10-03 05:13:27,2.5215967625030506,3623,403,0
192.168.1.10,2024-10-01 03:24:33,0.6357026404983528,1940,404,0
192.168.1.7,2024-10-02 07:39:41,8.01456193844956,2659,500,1
192.168.1.3,2024-10-03 21:12:07,3.161559717099773,3964,404,0
192.168.1.16,2024-10-01 11:18:07,2.3712158379973323,1865,403,0
192.168.1.8,2024-10-02 20:42:36,9.195935492381638,4489,403,1
192.168.1.19,2024-10-02 11:44:30,0.5448480044826834,840,500,0
192.168.1.3,2024-10-04 14:40:23,1.0664750464435413,870,200,0
192.168.1.3,2024-10-03 15:56:46,6.707164655799971,2229,403,1
192.168.1.8,2024-10-02 01:21:32,8.095550995714579,4221,500,1
192.168.1.15,2024-10-01 05:55:10,8.194043650071157,1260,404,1
192.168.1.7,2024-10-01 18:58:47,1.411612434604292,3598,404,0
192.168.1.6,2024-10-02 04:35:09,0.9935145841451964,2112,403,0
192.168.1.11,2024-10-04 22:23:33,3.3985163331522896,3641,500,0
192.168.1.19,2024-10-02 09:24:13,9.117937740292186,2698,500,1
192.168.1.19,2024-10-04 13:21:42,7.445853387238685,4491,200,1
192.168.1.15,2024-10-03 10:39:51,3.5087654097887793,2769,404,0
192.168.1.16,2024-10-02 21:32:55,7.537284550392121,3608,200,1
192.168.1.17,2024-10-03 05:58:15,5.520557034296977,1415,404,1
192.168.1.5,2024-10-02 20:43:01,7.365078682480237,3505,403,1
192.168.1.8,2024-10-03 11:31:16,4.649343626941305,4213,200,0
192.168.1.4,2024-10-04 19:17:23,4.891213807058122,4920,200,0
192.168.1.2,2024-10-02 08:41:46,0.7753890154590861,3269,500,0
192.168.1.13,2024-10-01 01:01:56,1.6568363638080033,2699,500,0
192.168.1.11,2024-10-01 05:29:59,3.8041018834162768,734,403,0
192.168.1.8,2024-10-01 13:35:13,8.930841542964599,1820,500,1
192.168.1.20,2024-10-02 03:48:55,7.918885557309981,1318,404,1
192.168.1.16,2024-10-03 05:24:05,5.619470279768953,4085,404,1
192.168.1.2,2024-10-02 19:24:57,3.6070557317499348,950,200,0
192.168.1.12,2024-10-01 19:03:18,3.25722475641084,1355,200,0
192.168.1.17,2024-10-04 11:52:55,5.07977013591616,2213,200,1
192.168.1.19,2024-10-03 07:41:58,5.7466641550595225,1282,200,1
192.168.1.17,2024-10-03 15:46:21,7.622720513187871,3395,403,1
192.168.1.1,2024-10-01 20:33:39,6.777834777974528,3809,500,1
192.168.1.8,2024-10-03 00:56:10,5.412550510636477,3761,403,1
192.168.1.8,2024-10-04 18:00:02,6.549962039939574,4631,404,1
192.168.1.20,2024-10-04 18:04:45,1.7612706070118662,4749,500,0
192.168.1.19,2024-10-03 07:28:04,8.740978212351482,4753,404,1
192.168.1.12,2024-10-04 11:16:07,6.136568056442009,3274,404,1
192.168.1.2,2024-10-04 18:50:05,4.157693698256223,3119,403,0
192.168.1.6,2024-10-04 18:58:43,2.875011799957294,1003,403,0
192.168.1.14,2024-10-02 13:18:08,4.46314592765655,4998,403,0
192.168.1.11,2024-10-01 01:52:21,2.730691386322294,3531,403,0
192.168.1.17,2024-10-02 04:43:42,4.585298381539032,1360,200,0
192.168.1.6,2024-10-01 11:31:45,8.48221255154882,2929,403,1
192.168.1.11,2024-10-04 15:25:00,8.561630544103362,2021,404,1
192.168.1.1,2024-10-01 12:31:53,9.02045632573234,690,403,1
192.168.1.3,2024-10-04 05:58:58,2.043337314845374,647,403,0
192.168.1.8,2024-10-04 08:27:25,2.9127391372240066,4082,500,0
192.168.1.15,2024-10-03 14:22:17,1.5525153591174843,1843,403,0
192.168.1.15,2024-10-04 18:39:49,2.631759820785953,2020,500,0
192.168.1.12,2024-10-04 20:53:32,6.93221690540868,3149,200,1
192.168.1.13,2024-10-02 09:00:43,6.144331104715526,1459,403,1
192.168.1.20,2024-10-02 21:06:49,8.11439024374731,3550,200,1
192.168.1.6,2024-10-01 12:28:42,6.426673735397236,3753,403,1
192.168.1.20,2024-10-01 01:43:32,4.088746990808246,4239,200,0
192.168.1.20,2024-10-03 16:36:45,2.6170016782800074,3341,500,0
192.168.1.6,2024-10-04 06:00:49,2.797591219186653,4201,403,0
192.168.1.19,2024-10-04 08:46:42,1.4442799263048158,1584,200,0
192.168.1.7,2024-10-04 04:21:23,3.899020826220072,4259,500,0
192.168.1.17,2024-10-02 23:10:02,7.964788199519416,3190,403,1
192.168.1.18,2024-10-04 16:46:24,8.247541474382043,2753,500,1
192.168.1.13,2024-10-02 12:33:43,8.599069953376135,2937,500,1
192.168.1.8,2024-10-01 18:39:34,3.4197812507258587,776,200,0
192.168.1.5,2024-10-02 13:25:21,5.9770411924690405,941,500,1
192.168.1.12,2024-10-02 20:27:48,6.612146194724048,4693,500,1
192.168.1.20,2024-10-03 11:05:05,5.678257784495358,2308,200,1
192.168.1.14,2024-10-04 07:46:44,6.908973590239361,4830,403,1
192.168.1.6,2024-10-03 04:16:07,1.7611798959890534,4189,500,0
192.168.1.6,2024-10-03 17:49:28,4.384594267460793,2053,404,0
192.168.1.17,2024-10-01 15:39:36,9.191101741523175,2490,403,1
192.168.1.6,2024-10-01 03:44:21,9.133138702062425,1362,500,1
192.168.1.5,2024-10-04 09:17:30,3.3613259104962343,1014,500,0
192.168.1.5,2024-10-01 08:09:50,9.410141336827458,4735,403,1
192.168.1.15,2024-10-02 23:43:51,3.5656562366722846,2171,500,0
192.168.1.2,2024-10-04 14:05:48,1.8508475198354792,4009,404,0
192.168.1.20,2024-10-02 01:01:48,7.914664035144153,1323,200,1
192.168.1.1,2024-10-03 06:35:30,1.8423247728123924,4484,500,0
192.168.1.10,2024-10-03 21:21:38,6.575450593494007,1337,403,1
192.168.1.8,2024-10-01 11:01:37,7.325120534137591,3842,404,1
192.168.1.15,2024-10-02 14:34:28,3.2268244654065814,4982,404,0
192.168.1.19,2024-10-02 01:24:51,7.331685189801871,1015,403,1
192.168.1.17,2024-10-01 07:50:31,5.632802334922395,2212,404,1
192.168.1.4,2024-10-01 20:07:30,2.235203964558773,3548,403,0
192.168.1.18,2024-10-03 08:24:14,2.899507850371312,4350,403,0
192.168.1.11,2024-10-04 23:53:36,3.2554843055427125,4208,500,0
192.168.1.14,2024-10-04 03:36:03,8.118960440411511,2843,500,1
192.168.1.8,2024-10-04 20:36:35,9.680325156058723,3854,403,1
192.168.1.9,2024-10-03 06:54:33,1.8651424701580608,789,403,0
192.168.1.7,2024-10-04 15:03:22,8.467412927083423,4460,200,1
192.168.1.1,2024-10-04 22:47:42,5.536259645439649,2867,404,1
192.168.1.15,2024-10-01 10:40:37,4.126320504977919,4582,404,0
192.168.1.19,2024-10-01 23:28:21,1.7884393560470722,4799,404,0
192.168.1.1,2024-10-01 09:43:50,6.9771486149358894,4473,500,1
192.168.1.6,2024-10-03 10:49:07,7.252686014927444,4952,404,1
192.168.1.13,2024-10-03 05:21:21,8.284935748635778,4678,403,1
192.168.1.6,2024-10-04 00:47:23,2.8993680680973144,4017,500,0
192.168.1.4,2024-10-04 06:54:29,2.980106506935242,4319,404,0
192.168.1.9,2024-10-01 00:53:28,5.164283589890442,2616,403,1
192.168.1.20,2024-10-01 09:37:30,8.203265875045716,1634,404,1
192.168.1.4,2024-10-01 14:31:09,2.707683861308114,2863,200,0
192.168.1.2,2024-10-03 19:10:01,5.77990235665948,1349,500,1
192.168.1.7,2024-10-03 11:16:21,3.749155599483588,1813,500,0
192.168.1.18,2024-10-01 03:23:27,9.73679174471065,2622,404,1
192.168.1.6,2024-10-02 10:14:32,7.345574490126651,3425,404,1
192.168.1.2,2024-10-02 09:44:53,2.0278341466959917,1565,500,0
192.168.1.18,2024-10-02 16:07:29,1.368165869120305,3276,404,0
192.168.1.12,2024-10-04 22:01:14,3.431510621229701,2231,404,0
192.168.1.13,2024-10-02 07:37:05,2.9939491056039804,3954,500,0
192.168.1.7,2024-10-03 15:47:28,8.969918309187427,3632,403,1
192.168.1.10,2024-10-03 06:11:00,5.739162287477399,1496,404,1
192.168.1.15,2024-10-03 06:11:03,4.4215576438244195,4020,403,0
192.168.1.3,2024-10-04 03:54:52,5.639087870758929,3882,200,1
192.168.1.18,2024-10-01 10:02:28,3.4712586091017203,2534,403,0
192.168.1.15,2024-10-01 23:23:28,1.1434572515495993,1451,404,0
192.168.1.7,2024-10-04 18:18:41,8.509301999108462,3467,404,1
192.168.1.16,2024-10-04 14:13:25,2.177484991472619,1882,404,0
192.168.1.3,2024-10-01 02:52:23,7.547634638912596,3973,200,1
192.168.1.13,2024-10-02 08:01:52,6.065241611180806,1638,500,1
192.168.1.12,2024-10-03 07:07:13,9.789475637301111,753,404,1
192.168.1.20,2024-10-01 10:24:25,3.3113243587149057,2912,403,0
192.168.1.19,2024-10-02 23:19:58,7.3672032594121655,3817,200,1
192.168.1.12,2024-10-01 06:04:55,7.598629393775566,2092,500,1
192.168.1.3,2024-10-04 05:09:12,4.175605447073729,2295,200,0
192.168.1.7,2024-10-04 14:51:39,0.6814451770269708,608,500,0
192.168.1.3,2024-10-04 09:28:38,7.583817266120844,3846,500,1
192.168.1.12,2024-10-04 01:25:27,6.715297028764633,4730,403,1
192.168.1.15,2024-10-04 09:54:19,2.002788193440174,2232,500,0
192.168.1.1,2024-10-02 18:09:28,8.637289018046623,1326,500,1
192.168.1.20,2024-10-03 16:45:55,3.734016402726275,2445,500,0
192.168.1.20,2024-10-01 17:35:54,3.8588521191505176,4547,500,0
192.168.1.3,2024-10-01 11:07:05,1.656680370281887,4509,403,0
192.168.1.5,2024-10-02 10:53:40,2.138150313057907,3317,404,0
192.168.1.2,2024-10-04 09:15:46,5.419004297084231,4286,403,1
192.168.1.11,2024-10-03 00:16:47,8.093444453995819,2109,403,1
192.168.1.17,2024-10-04 00:14:11,6.382278996333099,976,404,1
192.168.1.14,2024-10-02 22:56:07,7.38956165029638,4669,404,1
192.168.1.14,2024-10-03 10:38:29,2.41252392990686,2859,500,0
192.168.1.16,2024-10-02 17:31:18,4.558406963319302,2631,403,0
192.168.1.11,2024-10-01 06:54:19,1.919336472296306,3992,403,0
192.168.1.10,2024-10-03 22:19:39,2.1648009911439994,4793,404,0
192.168.1.17,2024-10-02 10:24:44,2.9262750395926203,3894,403,0
192.168.1.7,2024-10-03 10:58:15,7.561293382413049,1118,403,1
192.168.1.3,2024-10-01 14:35:23,8.040119533181155,4979,200,1
192.168.1.8,2024-10-01 09:37:14,1.5248465112491179,1709,404,0
192.168.1.6,2024-10-01 13:38:12,3.242780066933375,740,500,0
192.168.1.5,2024-10-01 12:12:57,3.318807512320383,3640,403,0
192.168.1.18,2024-10-02 14:15:52,1.1280796802047819,4439,404,0
192.168.1.18,2024-10-01 01:22:14,1.906577292283186,2760,200,0
192.168.1.20,2024-10-04 01:20:39,1.7458948957601899,814,500,0
192.168.1.12,2024-10-04 10:09:11,1.245171578112978,4367,200,0
192.168.1.4,2024-10-02 13:26:52,7.8021981197569135,4107,200,1
192.168.1.19,2024-10-02 15:23:45,6.473234675675614,1429,200,1
192.168.1.9,2024-10-02 00:00:06,8.956906814916445,2306,404,1
192.168.1.3,2024-10-04 00:01:24,7.426207998313706,1029,403,1
192.168.1.5,2024-10-01 05:27:36,6.6149915296382344,4111,404,1
192.168.1.18,2024-10-01 05:12:09,7.175675303274787,3798,500,1
192.168.1.6,2024-10-01 21:19:22,6.62968521835193,4478,500,1
192.168.1.6,2024-10-01 11:52:18,0.8326649181056626,1626,403,0
192.168.1.18,2024-10-03 16:03:17,0.5171508833749148,1213,404,0
192.168.1.20,2024-10-04 10:32:31,3.9722787410313716,2723,500,0
192.168.1.14,2024-10-01 23:08:33,7.709523837090747,1507,200,1
192.168.1.13,2024-10-02 19:10:44,4.796995383164091,726,200,0
192.168.1.14,2024-10-01 00:14:46,0.9949819952925018,3362,500,0
192.168.1.17,2024-10-01 03:45:43,6.234766316115149,2698,404,1
192.168.1.4,2024-10-02 13:13:59,8.773646035101487,3583,500,1
192.168.1.4,2024-10-03 00:31:23,1.9539418012285874,3215,403,0
192.168.1.8,2024-10-03 14:32:15,4.647808700899305,3522,500,0
192.168.1.18,2024-10-01 07:41:46,9.637126493137725,4908,404,1
192.168.1.13,2024-10-03 11:11:24,8.32827972776153,4948,200,1
192.168.1.4,2024-10-04 17:05:45,8.64113845875306,2467,500,1
192.168.1.15,2024-10-01 21:10:45,3.128851241000973,3131,200,0
192.168.1.3,2024-10-02 21:21:37,8.607376062913866,2678,500,1
192.168.1.5,2024-10-04 20:51:50,8.96926065845914,1583,500,1
192.168.1.10,2024-10-03 08:55:20,6.194991880071292,2745,200,1
192.168.1.14,2024-10-01 04:57:09,0.7608883650375431,3504,200,0
192.168.1.8,2024-10-02 05:52:46,7.964651409671284,4451,403,1
192.168.1.17,2024-10-02 07:40:44,8.332677785857138,1119,403,1
192.168.1.5,2024-10-02 19:01:25,1.9298295784081636,2955,404,0
192.168.1.6,2024-10-01 18:57:14,8.913676461678271,1757,404,1
192.168.1.13,2024-10-04 15:46:22,9.842383245927168,2069,404,1
192.168.1.8,2024-10-04 12:50:03,8.399336200703917,2218,404,1
192.168.1.14,2024-10-03 02:54:12,1.7172302563834347,4750,500,0
192.168.1.3,2024-10-04 13:18:30,9.651080729277393,1514,500,1
192.168.1.4,2024-10-04 10:03:06,9.95126472036529,4978,403,1
192.168.1.15,2024-10-02 23:51:34,3.094100974937768,3735,200,0
192.168.1.4,2024-10-01 02:47:46,1.9017943531435308,4534,404,0
192.168.1.7,2024-10-04 06:12:43,4.271796935084728,2407,500,0
192.168.1.6,2024-10-01 01:22:55,7.593412525509496,2992,404,1
192.168.1.16,2024-10-04 07:33:21,1.1373339091589003,3847,500,0
192.168.1.3,2024-10-04 13:37:11,3.8737725722173657,4346,404,0
192.168.1.1,2024-10-02 11:26:36,3.422510484009924,767,200,0
192.168.1.16,2024-10-01 15:35:49,1.3495666194903477,652,200,0
192.168.1.7,2024-10-02 20:38:53,7.26731447284569,2989,404,1
192.168.1.9,2024-10-02 01:33:49,8.433534971018105,4116,404,1
192.168.1.11,2024-10-01 20:37:52,4.355145261412481,4536,200,0
192.168.1.9,2024-10-03 18:47:51,3.9495460831636526,1917,404,0
192.168.1.9,2024-10-03 13:02:01,9.35737869936333,4516,403,1
192.168.1.4,2024-10-01 09:15:49,1.8535462731461687,1398,500,0
192.168.1.1,2024-10-03 13:33:27,5.689325070060532,2294,403,1
192.168.1.8,2024-10-02 23:40:05,8.787319445257776,564,200,1
192.168.1.18,2024-10-04 21:49:27,3.7718944599107336,622,500,0
192.168.1.17,2024-10-01 13:34:52,2.444377612545561,3490,200,0
192.168.1.8,2024-10-04 15:13:10,7.392123482195314,3685,404,1
192.168.1.8,2024-10-04 09:14:59,2.153379913492895,2015,403,0
192.168.1.9,2024-10-03 07:46:28,1.0746755169092514,971,404,0
192.168.1.6,2024-10-02 14:47:08,3.432924859899632,1821,404,0
192.168.1.19,2024-10-01 02:43:46,8.067468567546758,4180,403,1
192.168.1.18,2024-10-02 23:35:02,8.913014245548528,3788,200,1
192.168.1.12,2024-10-03 13:17:05,8.815874257707215,3883,404,1
192.168.1.12,2024-10-04 21:33:04,6.840112797467989,1004,200,1
192.168.1.1,2024-10-03 06:06:40,5.8309304468482654,2249,404,1
192.168.1.2,2024-10-03 09:47:33,2.1935564027296426,1537,403,0
192.168.1.15,2024-10-01 12:48:48,6.286206457777995,3763,500,1
192.168.1.3,2024-10-02 04:43:20,8.317388572960157,848,403,1
192.168.1.2,2024-10-04 06:39:31,8.865151329043846,1970,403,1
192.168.1.12,2024-10-04 01:23:21,8.509108319511373,3261,200,1
192.168.1.14,2024-10-01 16:07:22,2.385664320829644,960,500,0
192.168.1.16,2024-10-02 17:12:06,4.101036945798937,2317,404,0
192.168.1.3,2024-10-02 07:18:30,6.777063479118439,3302,200,1
192.168.1.7,2024-10-02 15:54:27,8.31468404940622,1948,404,1
192.168.1.6,2024-10-03 16:21:48,3.9859267974901673,4621,500,0
192.168.1.9,2024-10-04 20:50:49,8.073231354426724,1554,200,1
192.168.1.2,2024-10-02 20:03:59,7.421664138916164,4559,404,1
192.168.1.5,2024-10-01 03:40:45,4.4197603710633615,3679,403,0
192.168.1.18,2024-10-04 19:46:02,7.50929748322009,661,200,1
192.168.1.19,2024-10-02 14:48:35,6.343263143779791,3401,403,1
192.168.1.5,2024-10-04 23:11:01,0.8804790689192201,3889,200,0
192.168.1.17,2024-10-02 22:01:51,1.8781288967969627,806,404,0
192.168.1.4,2024-10-04 02:39:51,7.779423127283126,607,403,1
192.168.1.15,2024-10-04 16:41:04,9.406478825851835,2532,403,1
192.168.1.1,2024-10-03 18:20:36,6.527003870346734,3474,404,1
192.168.1.16,2024-10-04 14:46:43,9.467163180552182,4293,404,1
192.168.1.3,2024-10-03 17:35:34,6.530131949558934,526,404,1
192.168.1.13,2024-10-02 08:57:52,6.160983157045265,3569,200,1
192.168.1.19,2024-10-02 03:11:25,6.364086594592564,3653,200,1
192.168.1.14,2024-10-01 19:37:23,9.016352465092128,4164,404,1
192.168.1.8,2024-10-04 15:45:10,5.29466362319644,2599,500,1
192.168.1.11,2024-10-01 10:16:50,3.754756462240928,4562,404,0
192.168.1.10,2024-10-01 03:06:39,3.9199786932082272,1409,404,0
192.168.1.18,2024-10-03 09:00:08,8.973089429923334,4073,500,1
192.168.1.15,2024-10-03 12:58:31,9.841759166453611,3328,500,1
192.168.1.6,2024-10-01 06:01:06,2.462056449751993,763,500,0
192.168.1.11,2024-10-01 22:03:36,6.830095303230602,2261,404,1
192.168.1.9,2024-10-03 19:22:12,9.88311779056777,2745,200,1
192.168.1.9,2024-10-04 00:30:07,0.9372567727979959,4751,404,0
192.168.1.10,2024-10-03 05:48:04,5.174697565092082,2297,404,1
192.168.1.18,2024-10-04 05:59:25,1.2192633414825764,3135,403,0
192.168.1.17,2024-10-03 05:57:51,3.5692861472599935,4104,403,0
192.168.1.12,2024-10-01 15:17:32,7.875340870459104,3723,404,1
192.168.1.4,2024-10-03 05:06:08,9.16227019432731,1989,500,1
192.168.1.11,2024-10-01 13:38:31,2.2375800401193064,3761,500,0
192.168.1.12,2024-10-01 18:35:16,9.349017241075405,2424,200,1
192.168.1.10,2024-10-03 15:13:38,1.6342344855450697,2046,200,0
192.168.1.16,2024-10-01 09:25:04,1.219258652781066,3055,500,0
192.168.1.16,2024-10-04 00:35:44,5.234087111988831,3481,200,1
192.168.1.6,2024-10-01 00:16:27,6.068509537809915,827,500,1
192.168.1.17,2024-10-03 15:07:50,1.9566652778753366,1568,500,0
192.168.1.12,2024-10-01 16:58:08,2.075141172830524,711,200,0
192.168.1.9,2024-10-04 06:05:24,7.733046453423416,2525,403,1
192.168.1.7,2024-10-02 15:25:26,4.21621935134543,3106,404,0
192.168.1.17,2024-10-04 18:37:24,0.8519039888572617,1138,404,0
192.168.1.3,2024-10-03 23:41:07,7.910377210044879,2780,200,1
192.168.1.13,2024-10-04 10:34:54,8.357812732431702,3504,200,1
192.168.1.12,2024-10-02 22:53:00,4.238845484065703,2705,403,0
192.168.1.20,2024-10-03 17:16:02,9.167570405846298,2718,500,1
192.168.1.15,2024-10-03 07:00:27,4.214609773832748,1631,404,0
192.168.1.10,2024-10-01 10:42:59,9.10811550067957,3264,403,1
192.168.1.20,2024-10-01 21:10:38,9.326594927653872,4921,500,1
192.168.1.14,2024-10-01 11:11:59,5.694847422721475,941,404,1
192.168.1.15,2024-10-03 05:41:47,5.704699879446702,3500,500,1
192.168.1.17,2024-10-02 14:01:32,7.173466980274744,1720,200,1
192.168.1.17,2024-10-03 04:45:27,9.530920920893378,2932,403,1
192.168.1.17,2024-10-01 17:43:47,4.37954663983463,717,403,0
192.168.1.20,2024-10-03 14:42:11,4.375032895832518,4067,403,0
192.168.1.12,2024-10-02 06:05:04,4.205457575705525,1579,404,0
192.168.1.16,2024-10-03 10:52:54,8.895578296936757,3346,403,1
192.168.1.11,2024-10-02 12:56:23,2.415670198072012,1640,200,0
192.168.1.15,2024-10-01 06:19:49,4.511268595843863,3666,500,0
192.168.1.4,2024-10-01 09:43:23,9.437694866372231,4324,500,1
192.168.1.16,2024-10-04 17:19:19,1.984212516393897,1424,404,0
192.168.1.14,2024-10-01 02:22:20,8.502389889484856,3152,404,1
192.168.1.6,2024-10-04 22:11:44,1.3616171600904883,1561,404,0
192.168.1.5,2024-10-04 07:05:57,1.8950092622420065,2450,403,0
192.168.1.3,2024-10-04 19:20:17,8.332127742761413,1703,403,1
192.168.1.10,2024-10-01 01:03:40,5.785155187423556,1325,404,1
192.168.1.19,2024-10-04 16:11:53,2.78057043596763,640,403,0
192.168.1.2,2024-10-03 04:34:15,6.636014351812401,2548,403,1
192.168.1.6,2024-10-03 21:06:20,9.288181294392976,4340,403,1
192.168.1.3,2024-10-01 14:55:37,8.115269448548954,3900,404,1
192.168.1.16,2024-10-03 20:44:09,6.204176862951903,790,403,1
192.168.1.3,2024-10-01 21:58:40,3.2531891511079922,2906,200,0
192.168.1.17,2024-10-04 17:49:57,6.782496481239968,3073,403,1
192.168.1.9,2024-10-02 02:47:09,8.04930245300978,3792,500,1
192.168.1.20,2024-10-01 04:50:30,3.063441019106849,1052,500,0
192.168.1.19,2024-10-04 05:27:11,3.5391865167279333,554,500,0
192.168.1.19,2024-10-01 11:21:43,0.7935209928383116,1712,404,0
192.168.1.8,2024-10-02 17:02:32,9.344712741237029,2904,500,1
192.168.1.9,2024-10-02 22:36:54,9.646998650995656,2592,500,1
192.168.1.4,2024-10-03 12:53:53,2.1754490550551338,2364,200,0
192.168.1.5,2024-10-03 09:23:58,3.6317237585805224,3197,200,0
192.168.1.20,2024-10-03 13:03:16,7.397217979504712,994,404,1
192.168.1.7,2024-10-01 15:37:21,5.148139953696585,3851,403,1
192.168.1.4,2024-10-03 12:25:30,9.677208410712545,2646,500,1
192.168.1.9,2024-10-01 16:54:32,4.910302493385058,3611,404,0
192.168.1.8,2024-10-02 15:20:39,4.9155407340320325,3840,403,0
192.168.1.14,2024-10-01 14:27:40,8.350543240382137,1726,404,1
192.168.1.15,2024-10-04 10:03:51,8.954768112982654,2719,403,1
192.168.1.3,2024-10-03 11:29:10,9.523700128367087,1895,404,1
192.168.1.11,2024-10-04 13:59:26,3.492173051138728,3671,404,0
192.168.1.14,2024-10-02 03:58:49,9.36761482339754,2536,403,1
192.168.1.5,2024-10-02 17:03:26,3.7798761857723404,4076,500,0
192.168.1.7,2024-10-02 22:24:45,3.310235473939256,4548,500,0
192.168.1.16,2024-10-01 07:35:45,8.014490808965355,4266,404,1
192.168.1.6,2024-10-02 01:18:12,5.235080249291691,1537,403,1
192.168.1.2,2024-10-02 00:07:16,3.4244481337928874,1496,404,0
192.168.1.2,2024-10-04 13:22:29,5.456134314165646,988,500,1
192.168.1.11,2024-10-02 15:02:27,8.750687293462413,3061,200,1
